expected,m,=,2^20,,,,,,,,,
----------------------,,,,,,,,,,,,
i=,11,n=,2048,m=,1048443,,,,,,,
,,,,,,#insert,#delete,#update,#swap,,,
heap2,run#,1,origin,vertex,199,2048,2048,9804,27819,#nodes_visited2048,time(ms)=,117
heap64,run#,1,origin,vertex,199,2048,2048,9879,3537,#nodes_visited2048,time(ms)=,103
heap2,run#,2,origin,vertex,1411,2048,2048,9844,27625,#nodes_visited2048,time(ms)=,117
heap64,run#,2,origin,vertex,1411,2048,2048,9886,3561,#nodes_visited2048,time(ms)=,103
heap2,run#,3,origin,vertex,1062,2048,2048,9900,27644,#nodes_visited2048,time(ms)=,118
heap64,run#,3,origin,vertex,1062,2048,2048,9905,3509,#nodes_visited2048,time(ms)=,103
heap2,run#,4,origin,vertex,1378,2048,2048,9830,27726,#nodes_visited2048,time(ms)=,117
heap64,run#,4,origin,vertex,1378,2048,2048,9871,3537,#nodes_visited2048,time(ms)=,102
heap2,run#,5,origin,vertex,249,2048,2048,10022,28035,#nodes_visited2048,time(ms)=,119
heap64,run#,5,origin,vertex,249,2048,2048,10006,3572,#nodes_visited2048,time(ms)=,104
heap2,run#,6,origin,vertex,2007,2048,2048,9831,27723,#nodes_visited2048,time(ms)=,117
heap64,run#,6,origin,vertex,2007,2048,2048,9875,3570,#nodes_visited2048,time(ms)=,102
heap2,run#,7,origin,vertex,798,2048,2048,9900,27709,#nodes_visited2048,time(ms)=,118
heap64,run#,7,origin,vertex,798,2048,2048,9895,3548,#nodes_visited2048,time(ms)=,103
heap2,run#,8,origin,vertex,1130,2048,2048,9808,27591,#nodes_visited2048,time(ms)=,117
heap64,run#,8,origin,vertex,1130,2048,2048,9732,3525,#nodes_visited2048,time(ms)=,103
heap2,run#,9,origin,vertex,827,2048,2048,9845,28145,#nodes_visited2048,time(ms)=,118
heap64,run#,9,origin,vertex,827,2048,2048,9811,3540,#nodes_visited2048,time(ms)=,102
heap2,run#,10,origin,vertex,63,2048,2048,9939,28026,#nodes_visited2048,time(ms)=,118
heap64,run#,10,origin,vertex,63,2048,2048,9906,3522,#nodes_visited2048,time(ms)=,103
heap2,run#,11,origin,vertex,121,2048,2048,9940,27830,#nodes_visited2048,time(ms)=,118
heap64,run#,11,origin,vertex,121,2048,2048,9967,3523,#nodes_visited2048,time(ms)=,103
heap2,run#,12,origin,vertex,199,2048,2048,9804,27819,#nodes_visited2048,time(ms)=,117
heap64,run#,12,origin,vertex,199,2048,2048,9879,3537,#nodes_visited2048,time(ms)=,103
heap2,run#,13,origin,vertex,279,2048,2048,9729,27326,#nodes_visited2048,time(ms)=,116
heap64,run#,13,origin,vertex,279,2048,2048,9776,3521,#nodes_visited2048,time(ms)=,102
heap2,run#,14,origin,vertex,1477,2048,2048,9856,27958,#nodes_visited2048,time(ms)=,117
heap64,run#,14,origin,vertex,1477,2048,2048,9905,3589,#nodes_visited2048,time(ms)=,103
heap2,run#,15,origin,vertex,1024,2048,2048,9784,27655,#nodes_visited2048,time(ms)=,118
heap64,run#,15,origin,vertex,1024,2048,2048,9801,3515,#nodes_visited2048,time(ms)=,103
heap2,run#,16,origin,vertex,1010,2048,2048,9834,27806,#nodes_visited2048,time(ms)=,118
heap64,run#,16,origin,vertex,1010,2048,2048,9845,3558,#nodes_visited2048,time(ms)=,103
heap2,run#,17,origin,vertex,524,2048,2048,9825,27507,#nodes_visited2048,time(ms)=,117
heap64,run#,17,origin,vertex,524,2048,2048,9807,3567,#nodes_visited2048,time(ms)=,103
heap2,run#,18,origin,vertex,748,2048,2048,9802,27535,#nodes_visited2048,time(ms)=,141
heap64,run#,18,origin,vertex,748,2048,2048,9923,3556,#nodes_visited2048,time(ms)=,103
heap2,run#,19,origin,vertex,975,2048,2048,9940,27626,#nodes_visited2048,time(ms)=,118
heap64,run#,19,origin,vertex,975,2048,2048,9850,3513,#nodes_visited2048,time(ms)=,103
heap2,run#,20,origin,vertex,407,2048,2048,9918,27522,#nodes_visited2048,time(ms)=,117
heap64,run#,20,origin,vertex,407,2048,2048,9949,3575,#nodes_visited2048,time(ms)=,103
heap2,run#,21,origin,vertex,1916,2048,2048,9955,27813,#nodes_visited2048,time(ms)=,118
heap64,run#,21,origin,vertex,1916,2048,2048,9953,3560,#nodes_visited2048,time(ms)=,103
heap2,run#,22,origin,vertex,1164,2048,2048,9942,27710,#nodes_visited2048,time(ms)=,118
heap64,run#,22,origin,vertex,1164,2048,2048,9928,3474,#nodes_visited2048,time(ms)=,103
heap2,run#,23,origin,vertex,903,2048,2048,9981,27759,#nodes_visited2048,time(ms)=,119
heap64,run#,23,origin,vertex,903,2048,2048,9903,3510,#nodes_visited2048,time(ms)=,103
heap2,run#,24,origin,vertex,1964,2048,2048,9674,27756,#nodes_visited2048,time(ms)=,116
heap64,run#,24,origin,vertex,1964,2048,2048,9590,3564,#nodes_visited2048,time(ms)=,101
heap2,run#,25,origin,vertex,1281,2048,2048,9902,27899,#nodes_visited2048,time(ms)=,118
heap64,run#,25,origin,vertex,1281,2048,2048,9847,3522,#nodes_visited2048,time(ms)=,102
heap2,run#,26,origin,vertex,1618,2048,2048,9834,27649,#nodes_visited2048,time(ms)=,117
heap64,run#,26,origin,vertex,1618,2048,2048,9763,3563,#nodes_visited2048,time(ms)=,102
heap2,run#,27,origin,vertex,1858,2048,2048,9716,27828,#nodes_visited2048,time(ms)=,116
heap64,run#,27,origin,vertex,1858,2048,2048,9779,3559,#nodes_visited2048,time(ms)=,102
heap2,run#,28,origin,vertex,846,2048,2048,9832,27393,#nodes_visited2048,time(ms)=,117
heap64,run#,28,origin,vertex,846,2048,2048,9795,3530,#nodes_visited2048,time(ms)=,102
heap2,run#,29,origin,vertex,431,2048,2048,9796,27960,#nodes_visited2048,time(ms)=,116
heap64,run#,29,origin,vertex,431,2048,2048,9799,3553,#nodes_visited2048,time(ms)=,102
heap2,run#,30,origin,vertex,1193,2048,2048,9976,27814,#nodes_visited2048,time(ms)=,118
heap64,run#,30,origin,vertex,1193,2048,2048,9965,3529,#nodes_visited2048,time(ms)=,103
,,,,,,#insert,#delete,#update,#swap,,,
,,,,,,2048,2048,9860,1525423729,15434,3728813559,,,110,3220338983
----------------------,,,,,,,,,,,,
i=,12,n=,4096,m=,1050120,,,,,,,
heap2,run#,1,origin,vertex,1987,4096,4096,16969,56983,#nodes_visited4096,time(ms)=,275
heap64,run#,1,origin,vertex,1987,4096,4096,16967,7591,#nodes_visited4096,time(ms)=,225
heap2,run#,2,origin,vertex,1557,4096,4096,16897,57204,#nodes_visited4096,time(ms)=,271
heap64,run#,2,origin,vertex,1557,4096,4096,16844,7714,#nodes_visited4096,time(ms)=,221
heap2,run#,3,origin,vertex,1148,4096,4096,16996,56779,#nodes_visited4096,time(ms)=,273
heap64,run#,3,origin,vertex,1148,4096,4096,16967,7687,#nodes_visited4096,time(ms)=,226
heap2,run#,4,origin,vertex,457,4096,4096,16991,56747,#nodes_visited4096,time(ms)=,277
heap64,run#,4,origin,vertex,457,4096,4096,17047,7712,#nodes_visited4096,time(ms)=,232
heap2,run#,5,origin,vertex,3964,4096,4096,16764,56770,#nodes_visited4096,time(ms)=,277
heap64,run#,5,origin,vertex,3964,4096,4096,16788,7747,#nodes_visited4096,time(ms)=,249
heap2,run#,6,origin,vertex,3380,4096,4096,16961,56698,#nodes_visited4096,time(ms)=,279
heap64,run#,6,origin,vertex,3380,4096,4096,16918,7695,#nodes_visited4096,time(ms)=,231
heap2,run#,7,origin,vertex,485,4096,4096,16854,56755,#nodes_visited4096,time(ms)=,279
heap64,run#,7,origin,vertex,485,4096,4096,16817,7741,#nodes_visited4096,time(ms)=,226
heap2,run#,8,origin,vertex,2898,4096,4096,17049,57390,#nodes_visited4096,time(ms)=,277
heap64,run#,8,origin,vertex,2898,4096,4096,17029,7661,#nodes_visited4096,time(ms)=,231
heap2,run#,9,origin,vertex,787,4096,4096,16724,56572,#nodes_visited4096,time(ms)=,272
heap64,run#,9,origin,vertex,787,4096,4096,16773,7701,#nodes_visited4096,time(ms)=,221
heap2,run#,10,origin,vertex,1840,4096,4096,16832,56596,#nodes_visited4096,time(ms)=,270
heap64,run#,10,origin,vertex,1840,4096,4096,16822,7702,#nodes_visited4096,time(ms)=,223
heap2,run#,11,origin,vertex,1579,4096,4096,16886,56916,#nodes_visited4096,time(ms)=,271
heap64,run#,11,origin,vertex,1579,4096,4096,16846,7658,#nodes_visited4096,time(ms)=,224
heap2,run#,12,origin,vertex,2498,4096,4096,16929,56716,#nodes_visited4096,time(ms)=,277
heap64,run#,12,origin,vertex,2498,4096,4096,16943,7668,#nodes_visited4096,time(ms)=,231
heap2,run#,13,origin,vertex,2977,4096,4096,17171,57118,#nodes_visited4096,time(ms)=,282
heap64,run#,13,origin,vertex,2977,4096,4096,17170,7726,#nodes_visited4096,time(ms)=,233
heap2,run#,14,origin,vertex,763,4096,4096,16846,56783,#nodes_visited4096,time(ms)=,278
heap64,run#,14,origin,vertex,763,4096,4096,16847,7669,#nodes_visited4096,time(ms)=,230
heap2,run#,15,origin,vertex,3505,4096,4096,17050,56749,#nodes_visited4096,time(ms)=,286
heap64,run#,15,origin,vertex,3505,4096,4096,17048,7707,#nodes_visited4096,time(ms)=,232
heap2,run#,16,origin,vertex,1122,4096,4096,17070,56953,#nodes_visited4096,time(ms)=,273
heap64,run#,16,origin,vertex,1122,4096,4096,17130,7704,#nodes_visited4096,time(ms)=,227
heap2,run#,17,origin,vertex,1197,4096,4096,17104,57011,#nodes_visited4096,time(ms)=,274
heap64,run#,17,origin,vertex,1197,4096,4096,17087,7638,#nodes_visited4096,time(ms)=,225
heap2,run#,18,origin,vertex,1670,4096,4096,16879,56824,#nodes_visited4096,time(ms)=,270
heap64,run#,18,origin,vertex,1670,4096,4096,16881,7687,#nodes_visited4096,time(ms)=,223
heap2,run#,19,origin,vertex,1141,4096,4096,17193,57004,#nodes_visited4096,time(ms)=,274
heap64,run#,19,origin,vertex,1141,4096,4096,17146,7720,#nodes_visited4096,time(ms)=,225
heap2,run#,20,origin,vertex,3531,4096,4096,16845,56538,#nodes_visited4096,time(ms)=,271
heap64,run#,20,origin,vertex,3531,4096,4096,16838,7660,#nodes_visited4096,time(ms)=,223
heap2,run#,21,origin,vertex,77,4096,4096,17002,56724,#nodes_visited4096,time(ms)=,274
heap64,run#,21,origin,vertex,77,4096,4096,17059,7636,#nodes_visited4096,time(ms)=,226
heap2,run#,22,origin,vertex,182,4096,4096,17063,56992,#nodes_visited4096,time(ms)=,273
heap64,run#,22,origin,vertex,182,4096,4096,17006,7667,#nodes_visited4096,time(ms)=,227
heap2,run#,23,origin,vertex,777,4096,4096,16760,56811,#nodes_visited4096,time(ms)=,269
heap64,run#,23,origin,vertex,777,4096,4096,16779,7790,#nodes_visited4096,time(ms)=,222
heap2,run#,24,origin,vertex,135,4096,4096,16977,56964,#nodes_visited4096,time(ms)=,273
heap64,run#,24,origin,vertex,135,4096,4096,16924,7697,#nodes_visited4096,time(ms)=,224
heap2,run#,25,origin,vertex,2580,4096,4096,16932,56828,#nodes_visited4096,time(ms)=,272
heap64,run#,25,origin,vertex,2580,4096,4096,16920,7610,#nodes_visited4096,time(ms)=,225
heap2,run#,26,origin,vertex,287,4096,4096,16935,57048,#nodes_visited4096,time(ms)=,271
heap64,run#,26,origin,vertex,287,4096,4096,16898,7686,#nodes_visited4096,time(ms)=,223
heap2,run#,27,origin,vertex,2545,4096,4096,16887,57088,#nodes_visited4096,time(ms)=,271
heap64,run#,27,origin,vertex,2545,4096,4096,16922,7638,#nodes_visited4096,time(ms)=,224
heap2,run#,28,origin,vertex,2578,4096,4096,16829,57027,#nodes_visited4096,time(ms)=,271
heap64,run#,28,origin,vertex,2578,4096,4096,16750,7744,#nodes_visited4096,time(ms)=,222
heap2,run#,29,origin,vertex,1204,4096,4096,16854,56702,#nodes_visited4096,time(ms)=,271
heap64,run#,29,origin,vertex,1204,4096,4096,16923,7686,#nodes_visited4096,time(ms)=,224
heap2,run#,30,origin,vertex,2040,4096,4096,16920,56685,#nodes_visited4096,time(ms)=,271
heap64,run#,30,origin,vertex,2040,4096,4096,16926,7673,#nodes_visited4096,time(ms)=,223
,,,,,,#insert,#delete,#update,#swap,,,
----------------------,,,,,,4096,4096,16935,8474576271,31857,7457627119,,,249,9152542373
i=,13,n=,8192,m=,1046001,,,,,,,
heap2,run#,1,origin,vertex,5772,8192,8192,28352,116867,#nodes_visited8192,time(ms)=,762
heap64,run#,1,origin,vertex,5772,8192,8192,28361,17545,#nodes_visited8192,time(ms)=,616
heap2,run#,2,origin,vertex,1619,8192,8192,27991,116981,#nodes_visited8192,time(ms)=,753
heap64,run#,2,origin,vertex,1619,8192,8192,27983,17673,#nodes_visited8192,time(ms)=,609
heap2,run#,3,origin,vertex,271,8192,8192,28379,116932,#nodes_visited8192,time(ms)=,767
heap64,run#,3,origin,vertex,271,8192,8192,28411,17642,#nodes_visited8192,time(ms)=,612
heap2,run#,4,origin,vertex,4643,8192,8192,28258,116512,#nodes_visited8192,time(ms)=,759
heap64,run#,4,origin,vertex,4643,8192,8192,28253,17544,#nodes_visited8192,time(ms)=,618
heap2,run#,5,origin,vertex,1323,8192,8192,28098,116572,#nodes_visited8192,time(ms)=,755
heap64,run#,5,origin,vertex,1323,8192,8192,28091,17583,#nodes_visited8192,time(ms)=,609
heap2,run#,6,origin,vertex,4392,8192,8192,28169,116502,#nodes_visited8192,time(ms)=,762
heap64,run#,6,origin,vertex,4392,8192,8192,28178,17596,#nodes_visited8192,time(ms)=,610
heap2,run#,7,origin,vertex,4417,8192,8192,28190,116279,#nodes_visited8192,time(ms)=,756
heap64,run#,7,origin,vertex,4417,8192,8192,28264,17565,#nodes_visited8192,time(ms)=,623
heap2,run#,8,origin,vertex,2439,8192,8192,27838,116157,#nodes_visited8192,time(ms)=,756
heap64,run#,8,origin,vertex,2439,8192,8192,27782,17589,#nodes_visited8192,time(ms)=,600
heap2,run#,9,origin,vertex,2962,8192,8192,28030,116431,#nodes_visited8192,time(ms)=,763
heap64,run#,9,origin,vertex,2962,8192,8192,28027,17528,#nodes_visited8192,time(ms)=,609
heap2,run#,10,origin,vertex,5982,8192,8192,28167,116358,#nodes_visited8192,time(ms)=,758
heap64,run#,10,origin,vertex,5982,8192,8192,28141,17685,#nodes_visited8192,time(ms)=,616
heap2,run#,11,origin,vertex,4489,8192,8192,28242,116819,#nodes_visited8192,time(ms)=,758
heap64,run#,11,origin,vertex,4489,8192,8192,28259,17619,#nodes_visited8192,time(ms)=,613
heap2,run#,12,origin,vertex,35,8192,8192,28147,116756,#nodes_visited8192,time(ms)=,766
heap64,run#,12,origin,vertex,35,8192,8192,28133,17620,#nodes_visited8192,time(ms)=,610
heap2,run#,13,origin,vertex,1849,8192,8192,28398,116530,#nodes_visited8192,time(ms)=,768
heap64,run#,13,origin,vertex,1849,8192,8192,28343,17543,#nodes_visited8192,time(ms)=,614
heap2,run#,14,origin,vertex,7661,8192,8192,28279,116609,#nodes_visited8192,time(ms)=,759
heap64,run#,14,origin,vertex,7661,8192,8192,28261,17524,#nodes_visited8192,time(ms)=,619
heap2,run#,15,origin,vertex,7067,8192,8192,28110,116655,#nodes_visited8192,time(ms)=,761
heap64,run#,15,origin,vertex,7067,8192,8192,28087,17612,#nodes_visited8192,time(ms)=,606
heap2,run#,16,origin,vertex,5078,8192,8192,28142,116393,#nodes_visited8192,time(ms)=,764
heap64,run#,16,origin,vertex,5078,8192,8192,28143,17602,#nodes_visited8192,time(ms)=,612
heap2,run#,17,origin,vertex,1190,8192,8192,28128,116367,#nodes_visited8192,time(ms)=,754
heap64,run#,17,origin,vertex,1190,8192,8192,28177,17555,#nodes_visited8192,time(ms)=,620
heap2,run#,18,origin,vertex,7760,8192,8192,28388,116775,#nodes_visited8192,time(ms)=,766
heap64,run#,18,origin,vertex,7760,8192,8192,28414,17671,#nodes_visited8192,time(ms)=,611
heap2,run#,19,origin,vertex,5975,8192,8192,28387,116442,#nodes_visited8192,time(ms)=,774
heap64,run#,19,origin,vertex,5975,8192,8192,28409,17498,#nodes_visited8192,time(ms)=,619
heap2,run#,20,origin,vertex,8049,8192,8192,28351,116567,#nodes_visited8192,time(ms)=,760
heap64,run#,20,origin,vertex,8049,8192,8192,28365,17601,#nodes_visited8192,time(ms)=,611
heap2,run#,21,origin,vertex,654,8192,8192,28019,116935,#nodes_visited8192,time(ms)=,753
heap64,run#,21,origin,vertex,654,8192,8192,28033,17712,#nodes_visited8192,time(ms)=,606
heap2,run#,22,origin,vertex,3158,8192,8192,28410,116541,#nodes_visited8192,time(ms)=,780
heap64,run#,22,origin,vertex,3158,8192,8192,28421,17452,#nodes_visited8192,time(ms)=,615
heap2,run#,23,origin,vertex,7673,8192,8192,28248,116669,#nodes_visited8192,time(ms)=,761
heap64,run#,23,origin,vertex,7673,8192,8192,28166,17560,#nodes_visited8192,time(ms)=,620
heap2,run#,24,origin,vertex,1462,8192,8192,27900,116436,#nodes_visited8192,time(ms)=,752
heap64,run#,24,origin,vertex,1462,8192,8192,27913,17475,#nodes_visited8192,time(ms)=,607
heap2,run#,25,origin,vertex,3024,8192,8192,28273,116699,#nodes_visited8192,time(ms)=,781
heap64,run#,25,origin,vertex,3024,8192,8192,28246,17611,#nodes_visited8192,time(ms)=,611
heap2,run#,26,origin,vertex,1610,8192,8192,28139,116590,#nodes_visited8192,time(ms)=,761
heap64,run#,26,origin,vertex,1610,8192,8192,28094,17557,#nodes_visited8192,time(ms)=,616
heap2,run#,27,origin,vertex,4384,8192,8192,28159,117043,#nodes_visited8192,time(ms)=,777
heap64,run#,27,origin,vertex,4384,8192,8192,28190,17688,#nodes_visited8192,time(ms)=,626
heap2,run#,28,origin,vertex,2866,8192,8192,28075,116868,#nodes_visited8192,time(ms)=,775
heap64,run#,28,origin,vertex,2866,8192,8192,28038,17601,#nodes_visited8192,time(ms)=,608
heap2,run#,29,origin,vertex,7294,8192,8192,28393,116505,#nodes_visited8192,time(ms)=,768
heap64,run#,29,origin,vertex,7294,8192,8192,28421,17598,#nodes_visited8192,time(ms)=,620
heap2,run#,30,origin,vertex,6940,8192,8192,28135,116594,#nodes_visited8192,time(ms)=,757
heap64,run#,30,origin,vertex,6940,8192,8192,28164,17514,#nodes_visited8192,time(ms)=,609
,,,,,,#insert,#delete,#update,#swap,,,
----------------------,,,,,,8192,8192,28190,0169491525,66255,593220339,,,686,7627118644
i=,14,n=,16384,m=,1047852,,,,,,,
heap2,run#,1,origin,vertex,6022,16384,16384,45365,240035,#nodes_visited16384,time(ms)=,2202
heap64,run#,1,origin,vertex,6022,16384,16384,45406,39931,#nodes_visited16384,time(ms)=,1777
heap2,run#,2,origin,vertex,11557,16384,16384,45011,240074,#nodes_visited16384,time(ms)=,2199
heap64,run#,2,origin,vertex,11557,16384,16384,45043,39950,#nodes_visited16384,time(ms)=,1762
heap2,run#,3,origin,vertex,16172,16384,16384,44875,240459,#nodes_visited16384,time(ms)=,2215
heap64,run#,3,origin,vertex,16172,16384,16384,44919,39992,#nodes_visited16384,time(ms)=,1758
heap2,run#,4,origin,vertex,13497,16384,16384,45253,240257,#nodes_visited16384,time(ms)=,2220
heap64,run#,4,origin,vertex,13497,16384,16384,45272,40005,#nodes_visited16384,time(ms)=,1763
heap2,run#,5,origin,vertex,8962,16384,16384,45153,240114,#nodes_visited16384,time(ms)=,2224
heap64,run#,5,origin,vertex,8962,16384,16384,45147,40017,#nodes_visited16384,time(ms)=,1761
heap2,run#,6,origin,vertex,5954,16384,16384,45343,240440,#nodes_visited16384,time(ms)=,2232
heap64,run#,6,origin,vertex,5954,16384,16384,45315,40000,#nodes_visited16384,time(ms)=,1766
heap2,run#,7,origin,vertex,15110,16384,16384,44878,239638,#nodes_visited16384,time(ms)=,2212
heap64,run#,7,origin,vertex,15110,16384,16384,44894,40005,#nodes_visited16384,time(ms)=,1747
heap2,run#,8,origin,vertex,5974,16384,16384,44940,239431,#nodes_visited16384,time(ms)=,2179
heap64,run#,8,origin,vertex,5974,16384,16384,44971,39900,#nodes_visited16384,time(ms)=,1751
heap2,run#,9,origin,vertex,10442,16384,16384,45139,240210,#nodes_visited16384,time(ms)=,2183
heap64,run#,9,origin,vertex,10442,16384,16384,45108,39904,#nodes_visited16384,time(ms)=,1747
heap2,run#,10,origin,vertex,12652,16384,16384,45057,240042,#nodes_visited16384,time(ms)=,2183
heap64,run#,10,origin,vertex,12652,16384,16384,45054,39923,#nodes_visited16384,time(ms)=,1745
heap2,run#,11,origin,vertex,6207,16384,16384,45169,240228,#nodes_visited16384,time(ms)=,2198
heap64,run#,11,origin,vertex,6207,16384,16384,45181,39953,#nodes_visited16384,time(ms)=,1787
heap2,run#,12,origin,vertex,11221,16384,16384,44799,239916,#nodes_visited16384,time(ms)=,2178
heap64,run#,12,origin,vertex,11221,16384,16384,44798,40014,#nodes_visited16384,time(ms)=,1727
heap2,run#,13,origin,vertex,7939,16384,16384,44559,239690,#nodes_visited16384,time(ms)=,2161
heap64,run#,13,origin,vertex,7939,16384,16384,44581,39938,#nodes_visited16384,time(ms)=,1724
heap2,run#,14,origin,vertex,9291,16384,16384,45105,240111,#nodes_visited16384,time(ms)=,2188
heap64,run#,14,origin,vertex,9291,16384,16384,45075,39942,#nodes_visited16384,time(ms)=,1747
heap2,run#,15,origin,vertex,7693,16384,16384,45178,240296,#nodes_visited16384,time(ms)=,2199
heap64,run#,15,origin,vertex,7693,16384,16384,45209,39985,#nodes_visited16384,time(ms)=,1762
heap2,run#,16,origin,vertex,12819,16384,16384,45156,239769,#nodes_visited16384,time(ms)=,2197
heap64,run#,16,origin,vertex,12819,16384,16384,45171,39922,#nodes_visited16384,time(ms)=,1761
heap2,run#,17,origin,vertex,2237,16384,16384,45341,239275,#nodes_visited16384,time(ms)=,2189
heap64,run#,17,origin,vertex,2237,16384,16384,45354,39851,#nodes_visited16384,time(ms)=,1754
heap2,run#,18,origin,vertex,503,16384,16384,45076,239048,#nodes_visited16384,time(ms)=,2182
heap64,run#,18,origin,vertex,503,16384,16384,45105,39928,#nodes_visited16384,time(ms)=,1758
heap2,run#,19,origin,vertex,5834,16384,16384,44985,240229,#nodes_visited16384,time(ms)=,2196
heap64,run#,19,origin,vertex,5834,16384,16384,44988,40004,#nodes_visited16384,time(ms)=,1735
heap2,run#,20,origin,vertex,6333,16384,16384,45039,239821,#nodes_visited16384,time(ms)=,2213
heap64,run#,20,origin,vertex,6333,16384,16384,45059,40057,#nodes_visited16384,time(ms)=,1750
heap2,run#,21,origin,vertex,7897,16384,16384,45197,240234,#nodes_visited16384,time(ms)=,2216
heap64,run#,21,origin,vertex,7897,16384,16384,45151,39967,#nodes_visited16384,time(ms)=,1753
heap2,run#,22,origin,vertex,15713,16384,16384,44985,239109,#nodes_visited16384,time(ms)=,2206
heap64,run#,22,origin,vertex,15713,16384,16384,44985,39953,#nodes_visited16384,time(ms)=,1742
heap2,run#,23,origin,vertex,810,16384,16384,45449,239597,#nodes_visited16384,time(ms)=,2227
heap64,run#,23,origin,vertex,810,16384,16384,45465,39869,#nodes_visited16384,time(ms)=,1777
heap2,run#,24,origin,vertex,16073,16384,16384,45088,239983,#nodes_visited16384,time(ms)=,2210
heap64,run#,24,origin,vertex,16073,16384,16384,45088,40075,#nodes_visited16384,time(ms)=,1770
heap2,run#,25,origin,vertex,14024,16384,16384,45046,240019,#nodes_visited16384,time(ms)=,2360
heap64,run#,25,origin,vertex,14024,16384,16384,45005,40103,#nodes_visited16384,time(ms)=,2246
heap2,run#,26,origin,vertex,11532,16384,16384,44911,240277,#nodes_visited16384,time(ms)=,2260
heap64,run#,26,origin,vertex,11532,16384,16384,45000,40058,#nodes_visited16384,time(ms)=,1739
heap2,run#,27,origin,vertex,98,16384,16384,45161,239671,#nodes_visited16384,time(ms)=,2220
heap64,run#,27,origin,vertex,98,16384,16384,45202,40000,#nodes_visited16384,time(ms)=,1743
heap2,run#,28,origin,vertex,7553,16384,16384,45241,239996,#nodes_visited16384,time(ms)=,2228
heap64,run#,28,origin,vertex,7553,16384,16384,45246,40011,#nodes_visited16384,time(ms)=,1749
heap2,run#,29,origin,vertex,885,16384,16384,45067,240295,#nodes_visited16384,time(ms)=,2221
heap64,run#,29,origin,vertex,885,16384,16384,45091,40097,#nodes_visited16384,time(ms)=,1749
heap2,run#,30,origin,vertex,10422,16384,16384,45234,239881,#nodes_visited16384,time(ms)=,2227
heap64,run#,30,origin,vertex,10422,16384,16384,45258,39918,#nodes_visited16384,time(ms)=,1761
----------------------,,,,,,#insert,#delete,#update,#swap,,,
i=,15,n=,32768,m=,1047702,16384,16384,45094,5084745763,138260,711864407,,,1987,0169491526
heap2,run#,1,origin,vertex,29821,32768,32768,68202,492508,#nodes_visited32768,time(ms)=,5980
heap64,run#,1,origin,vertex,29821,32768,32768,68205,86980,#nodes_visited32768,time(ms)=,4778
heap2,run#,2,origin,vertex,20549,32768,32768,67707,492904,#nodes_visited32768,time(ms)=,5943
heap64,run#,2,origin,vertex,20549,32768,32768,67677,86995,#nodes_visited32768,time(ms)=,4787
heap2,run#,3,origin,vertex,26593,32768,32768,68019,493421,#nodes_visited32768,time(ms)=,5990
heap64,run#,3,origin,vertex,26593,32768,32768,68023,87284,#nodes_visited32768,time(ms)=,4776
heap2,run#,4,origin,vertex,13599,32768,32768,67501,493000,#nodes_visited32768,time(ms)=,5911
heap64,run#,4,origin,vertex,13599,32768,32768,67512,87016,#nodes_visited32768,time(ms)=,4753
heap2,run#,5,origin,vertex,22472,32768,32768,67813,492200,#nodes_visited32768,time(ms)=,6001
heap64,run#,5,origin,vertex,22472,32768,32768,67827,87017,#nodes_visited32768,time(ms)=,4805
heap2,run#,6,origin,vertex,17229,32768,32768,68224,492407,#nodes_visited32768,time(ms)=,6033
heap64,run#,6,origin,vertex,17229,32768,32768,68285,87035,#nodes_visited32768,time(ms)=,4799
heap2,run#,7,origin,vertex,32224,32768,32768,67967,492829,#nodes_visited32768,time(ms)=,6013
heap64,run#,7,origin,vertex,32224,32768,32768,67953,87219,#nodes_visited32768,time(ms)=,4907
heap2,run#,8,origin,vertex,2094,32768,32768,68037,493036,#nodes_visited32768,time(ms)=,5962
heap64,run#,8,origin,vertex,2094,32768,32768,68016,87039,#nodes_visited32768,time(ms)=,4751
heap2,run#,9,origin,vertex,14214,32768,32768,67677,493053,#nodes_visited32768,time(ms)=,5960
heap64,run#,9,origin,vertex,14214,32768,32768,67692,87282,#nodes_visited32768,time(ms)=,4774
heap2,run#,10,origin,vertex,30862,32768,32768,68089,493346,#nodes_visited32768,time(ms)=,5984
heap64,run#,10,origin,vertex,30862,32768,32768,68066,87062,#nodes_visited32768,time(ms)=,5019
heap2,run#,11,origin,vertex,7859,32768,32768,68136,492893,#nodes_visited32768,time(ms)=,6562
heap64,run#,11,origin,vertex,7859,32768,32768,68115,87163,#nodes_visited32768,time(ms)=,4881
heap2,run#,12,origin,vertex,12988,32768,32768,67887,493278,#nodes_visited32768,time(ms)=,6003
heap64,run#,12,origin,vertex,12988,32768,32768,67883,87052,#nodes_visited32768,time(ms)=,4838
heap2,run#,13,origin,vertex,4583,32768,32768,67860,492397,#nodes_visited32768,time(ms)=,6004
heap64,run#,13,origin,vertex,4583,32768,32768,67829,87028,#nodes_visited32768,time(ms)=,4871
heap2,run#,14,origin,vertex,3373,32768,32768,67760,493374,#nodes_visited32768,time(ms)=,6011
heap64,run#,14,origin,vertex,3373,32768,32768,67725,87268,#nodes_visited32768,time(ms)=,4750
heap2,run#,15,origin,vertex,12356,32768,32768,68128,492768,#nodes_visited32768,time(ms)=,6027
heap64,run#,15,origin,vertex,12356,32768,32768,68096,86934,#nodes_visited32768,time(ms)=,4823
heap2,run#,16,origin,vertex,4049,32768,32768,67770,492858,#nodes_visited32768,time(ms)=,5922
heap64,run#,16,origin,vertex,4049,32768,32768,67839,86989,#nodes_visited32768,time(ms)=,4738
heap2,run#,17,origin,vertex,31501,32768,32768,67581,493036,#nodes_visited32768,time(ms)=,5949
heap64,run#,17,origin,vertex,31501,32768,32768,67586,87095,#nodes_visited32768,time(ms)=,4734
heap2,run#,18,origin,vertex,17716,32768,32768,67776,493572,#nodes_visited32768,time(ms)=,6011
heap64,run#,18,origin,vertex,17716,32768,32768,67800,87125,#nodes_visited32768,time(ms)=,4775
heap2,run#,19,origin,vertex,23684,32768,32768,67998,493416,#nodes_visited32768,time(ms)=,5992
heap64,run#,19,origin,vertex,23684,32768,32768,67946,86982,#nodes_visited32768,time(ms)=,4766
heap2,run#,20,origin,vertex,25032,32768,32768,67770,493897,#nodes_visited32768,time(ms)=,5988
heap64,run#,20,origin,vertex,25032,32768,32768,67783,87180,#nodes_visited32768,time(ms)=,4769
heap2,run#,21,origin,vertex,17328,32768,32768,67808,492679,#nodes_visited32768,time(ms)=,5997
heap64,run#,21,origin,vertex,17328,32768,32768,67849,87079,#nodes_visited32768,time(ms)=,4787
heap2,run#,22,origin,vertex,6529,32768,32768,67713,492781,#nodes_visited32768,time(ms)=,6006
heap64,run#,22,origin,vertex,6529,32768,32768,67683,87236,#nodes_visited32768,time(ms)=,4794
heap2,run#,23,origin,vertex,29202,32768,32768,67658,493318,#nodes_visited32768,time(ms)=,6001
heap64,run#,23,origin,vertex,29202,32768,32768,67675,87182,#nodes_visited32768,time(ms)=,4742
heap2,run#,24,origin,vertex,13035,32768,32768,67565,493087,#nodes_visited32768,time(ms)=,5973
heap64,run#,24,origin,vertex,13035,32768,32768,67581,87211,#nodes_visited32768,time(ms)=,4692
heap2,run#,25,origin,vertex,19606,32768,32768,68249,493407,#nodes_visited32768,time(ms)=,6002
heap64,run#,25,origin,vertex,19606,32768,32768,68218,87253,#nodes_visited32768,time(ms)=,4775
heap2,run#,26,origin,vertex,9531,32768,32768,67737,493220,#nodes_visited32768,time(ms)=,5949
heap64,run#,26,origin,vertex,9531,32768,32768,67759,87211,#nodes_visited32768,time(ms)=,4740
heap2,run#,27,origin,vertex,1007,32768,32768,67848,492873,#nodes_visited32768,time(ms)=,5966
heap64,run#,27,origin,vertex,1007,32768,32768,67817,87227,#nodes_visited32768,time(ms)=,4784
heap2,run#,28,origin,vertex,13495,32768,32768,68014,493485,#nodes_visited32768,time(ms)=,5987
heap64,run#,28,origin,vertex,13495,32768,32768,67994,87191,#nodes_visited32768,time(ms)=,4778
heap2,run#,29,origin,vertex,21963,32768,32768,67869,493174,#nodes_visited32768,time(ms)=,5992
heap64,run#,29,origin,vertex,21963,32768,32768,67885,87051,#nodes_visited32768,time(ms)=,4757
heap2,run#,30,origin,vertex,4907,32768,32768,68427,493404,#nodes_visited32768,time(ms)=,6071
heap64,run#,30,origin,vertex,4907,32768,32768,68462,87163,#nodes_visited32768,time(ms)=,4824
----------------------,,,,,,#insert,#delete,#update,#swap,,,
i=,16,n=,65536,m=,1046917,32768,32768,67887,6101694915,286655,288135593,,,5389,4406779661
heap2,run#,1,origin,vertex,58963,65536,65536,93080,1008666,#nodes_visited65536,time(ms)=,14195
heap64,run#,1,origin,vertex,58963,65536,65536,93073,183575,#nodes_visited65536,time(ms)=,11415
heap2,run#,2,origin,vertex,42980,65536,65536,92655,1008050,#nodes_visited65536,time(ms)=,14184
heap64,run#,2,origin,vertex,42980,65536,65536,92676,183508,#nodes_visited65536,time(ms)=,11481
heap2,run#,3,origin,vertex,53558,65536,65536,92707,1008170,#nodes_visited65536,time(ms)=,14154
heap64,run#,3,origin,vertex,53558,65536,65536,92708,183403,#nodes_visited65536,time(ms)=,11314
heap2,run#,4,origin,vertex,30003,65536,65536,92676,1008096,#nodes_visited65536,time(ms)=,14156
heap64,run#,4,origin,vertex,30003,65536,65536,92647,183317,#nodes_visited65536,time(ms)=,11421
heap2,run#,5,origin,vertex,56063,65536,65536,92869,1007988,#nodes_visited65536,time(ms)=,14596
heap64,run#,5,origin,vertex,56063,65536,65536,92881,183539,#nodes_visited65536,time(ms)=,11518
heap2,run#,6,origin,vertex,56870,65536,65536,92633,1008053,#nodes_visited65536,time(ms)=,14271
heap64,run#,6,origin,vertex,56870,65536,65536,92619,183526,#nodes_visited65536,time(ms)=,11442
heap2,run#,7,origin,vertex,33530,65536,65536,92680,1008175,#nodes_visited65536,time(ms)=,14934
heap64,run#,7,origin,vertex,33530,65536,65536,92691,183344,#nodes_visited65536,time(ms)=,11466
heap2,run#,8,origin,vertex,35387,65536,65536,92771,1008686,#nodes_visited65536,time(ms)=,14196
heap64,run#,8,origin,vertex,35387,65536,65536,92799,183435,#nodes_visited65536,time(ms)=,11484
heap2,run#,9,origin,vertex,63920,65536,65536,92489,1008103,#nodes_visited65536,time(ms)=,14348
heap64,run#,9,origin,vertex,63920,65536,65536,92508,183531,#nodes_visited65536,time(ms)=,11415
heap2,run#,10,origin,vertex,37741,65536,65536,93109,1009048,#nodes_visited65536,time(ms)=,14255
heap64,run#,10,origin,vertex,37741,65536,65536,93110,183428,#nodes_visited65536,time(ms)=,11375
heap2,run#,11,origin,vertex,12140,65536,65536,93050,1008327,#nodes_visited65536,time(ms)=,14235
heap64,run#,11,origin,vertex,12140,65536,65536,93029,183520,#nodes_visited65536,time(ms)=,11386
heap2,run#,12,origin,vertex,3925,65536,65536,92193,1008109,#nodes_visited65536,time(ms)=,14191
heap64,run#,12,origin,vertex,3925,65536,65536,92218,183419,#nodes_visited65536,time(ms)=,11439
heap2,run#,13,origin,vertex,42436,65536,65536,93013,1009161,#nodes_visited65536,time(ms)=,14360
heap64,run#,13,origin,vertex,42436,65536,65536,93023,183316,#nodes_visited65536,time(ms)=,11559
heap2,run#,14,origin,vertex,63605,65536,65536,92340,1007761,#nodes_visited65536,time(ms)=,14245
heap64,run#,14,origin,vertex,63605,65536,65536,92316,183355,#nodes_visited65536,time(ms)=,11386
heap2,run#,15,origin,vertex,27897,65536,65536,92636,1008947,#nodes_visited65536,time(ms)=,14380
heap64,run#,15,origin,vertex,27897,65536,65536,92630,183450,#nodes_visited65536,time(ms)=,11702
heap2,run#,16,origin,vertex,56692,65536,65536,92899,1008565,#nodes_visited65536,time(ms)=,14521
heap64,run#,16,origin,vertex,56692,65536,65536,92847,183543,#nodes_visited65536,time(ms)=,11614
heap2,run#,17,origin,vertex,58408,65536,65536,92208,1008401,#nodes_visited65536,time(ms)=,14383
heap64,run#,17,origin,vertex,58408,65536,65536,92228,183540,#nodes_visited65536,time(ms)=,11623
heap2,run#,18,origin,vertex,4082,65536,65536,92713,1008597,#nodes_visited65536,time(ms)=,14492
heap64,run#,18,origin,vertex,4082,65536,65536,92688,183374,#nodes_visited65536,time(ms)=,11935
heap2,run#,19,origin,vertex,52406,65536,65536,92674,1008374,#nodes_visited65536,time(ms)=,14482
heap64,run#,19,origin,vertex,52406,65536,65536,92685,183558,#nodes_visited65536,time(ms)=,11549
heap2,run#,20,origin,vertex,42229,65536,65536,93026,1008227,#nodes_visited65536,time(ms)=,14454
heap64,run#,20,origin,vertex,42229,65536,65536,93037,183494,#nodes_visited65536,time(ms)=,11619
heap2,run#,21,origin,vertex,48671,65536,65536,92845,1008805,#nodes_visited65536,time(ms)=,14536
heap64,run#,21,origin,vertex,48671,65536,65536,92813,183358,#nodes_visited65536,time(ms)=,11662
heap2,run#,22,origin,vertex,52848,65536,65536,92722,1008530,#nodes_visited65536,time(ms)=,14390
heap64,run#,22,origin,vertex,52848,65536,65536,92732,183417,#nodes_visited65536,time(ms)=,11256
heap2,run#,23,origin,vertex,42506,65536,65536,92441,1007957,#nodes_visited65536,time(ms)=,14082
heap64,run#,23,origin,vertex,42506,65536,65536,92419,183434,#nodes_visited65536,time(ms)=,11320
heap2,run#,24,origin,vertex,36092,65536,65536,92568,1007635,#nodes_visited65536,time(ms)=,14154
heap64,run#,24,origin,vertex,36092,65536,65536,92552,183311,#nodes_visited65536,time(ms)=,11348
heap2,run#,25,origin,vertex,725,65536,65536,92470,1008806,#nodes_visited65536,time(ms)=,14170
heap64,run#,25,origin,vertex,725,65536,65536,92473,183405,#nodes_visited65536,time(ms)=,11316
heap2,run#,26,origin,vertex,45884,65536,65536,93019,1007956,#nodes_visited65536,time(ms)=,14603
heap64,run#,26,origin,vertex,45884,65536,65536,93024,183409,#nodes_visited65536,time(ms)=,11865
heap2,run#,27,origin,vertex,35577,65536,65536,92546,1008374,#nodes_visited65536,time(ms)=,14236
heap64,run#,27,origin,vertex,35577,65536,65536,92544,183441,#nodes_visited65536,time(ms)=,11442
heap2,run#,28,origin,vertex,6045,65536,65536,92726,1008892,#nodes_visited65536,time(ms)=,14458
heap64,run#,28,origin,vertex,6045,65536,65536,92738,183346,#nodes_visited65536,time(ms)=,11523
heap2,run#,29,origin,vertex,13340,65536,65536,92585,1008953,#nodes_visited65536,time(ms)=,14263
heap64,run#,29,origin,vertex,13340,65536,65536,92570,183299,#nodes_visited65536,time(ms)=,11621
heap2,run#,30,origin,vertex,23898,65536,65536,93090,1009011,#nodes_visited65536,time(ms)=,14415
heap64,run#,30,origin,vertex,23898,65536,65536,93065,183485,#nodes_visited65536,time(ms)=,11584
----------------------,,,,,,#insert,#delete,#update,#swap,,,
i=,17,n=,131072,m=,1048504,65536,65536,92706,7118644068,588929,440677966,,,12902,1016949153
heap2,run#,1,origin,vertex,53432,131033,131033,105263,2042426,#nodes_visited131033,time(ms)=,25889
heap64,run#,1,origin,vertex,53432,131033,131033,105271,377148,#nodes_visited131033,time(ms)=,21166
heap2,run#,2,origin,vertex,107091,131033,131033,105535,2044303,#nodes_visited131033,time(ms)=,25486
heap64,run#,2,origin,vertex,107091,131033,131033,105520,377240,#nodes_visited131033,time(ms)=,21378
heap2,run#,3,origin,vertex,65198,131033,131033,105006,2043998,#nodes_visited131033,time(ms)=,26060
heap64,run#,3,origin,vertex,65198,131033,131033,104989,377207,#nodes_visited131033,time(ms)=,20814
heap2,run#,4,origin,vertex,10174,131033,131033,105116,2042931,#nodes_visited131033,time(ms)=,25907
heap64,run#,4,origin,vertex,10174,131033,131033,105097,376904,#nodes_visited131033,time(ms)=,21057
heap2,run#,5,origin,vertex,35516,131033,131033,105715,2043542,#nodes_visited131033,time(ms)=,26196
heap64,run#,5,origin,vertex,35516,131033,131033,105758,377033,#nodes_visited131033,time(ms)=,21549
heap2,run#,6,origin,vertex,6940,131033,131033,105174,2042442,#nodes_visited131033,time(ms)=,25840
heap64,run#,6,origin,vertex,6940,131033,131033,105191,377105,#nodes_visited131033,time(ms)=,20830
heap2,run#,7,origin,vertex,117106,131033,131033,105380,2042674,#nodes_visited131033,time(ms)=,26585
heap64,run#,7,origin,vertex,117106,131033,131033,105378,377227,#nodes_visited131033,time(ms)=,20602
heap2,run#,8,origin,vertex,126829,131033,131033,105447,2042834,#nodes_visited131033,time(ms)=,25684
heap64,run#,8,origin,vertex,126829,131033,131033,105428,376828,#nodes_visited131033,time(ms)=,20815
heap2,run#,9,origin,vertex,113543,131033,131033,105187,2042705,#nodes_visited131033,time(ms)=,25574
heap64,run#,9,origin,vertex,113543,131033,131033,105177,377046,#nodes_visited131033,time(ms)=,20881
heap2,run#,10,origin,vertex,50232,131033,131033,105547,2042368,#nodes_visited131033,time(ms)=,26407
heap64,run#,10,origin,vertex,50232,131033,131033,105551,377094,#nodes_visited131033,time(ms)=,20741
heap2,run#,11,origin,vertex,55637,131033,131033,105394,2044006,#nodes_visited131033,time(ms)=,26138
heap64,run#,11,origin,vertex,55637,131033,131033,105406,377092,#nodes_visited131033,time(ms)=,21019
heap2,run#,12,origin,vertex,106252,131033,131033,105665,2043253,#nodes_visited131033,time(ms)=,25620
heap64,run#,12,origin,vertex,106252,131033,131033,105644,377091,#nodes_visited131033,time(ms)=,21068
heap2,run#,13,origin,vertex,53680,131033,131033,105266,2043463,#nodes_visited131033,time(ms)=,25495
heap64,run#,13,origin,vertex,53680,131033,131033,105277,377004,#nodes_visited131033,time(ms)=,20867
heap2,run#,14,origin,vertex,16824,131033,131033,105167,2042931,#nodes_visited131033,time(ms)=,25722
heap64,run#,14,origin,vertex,16824,131033,131033,105159,377073,#nodes_visited131033,time(ms)=,20479
heap2,run#,15,origin,vertex,26922,131033,131033,105704,2043009,#nodes_visited131033,time(ms)=,25708
heap64,run#,15,origin,vertex,26922,131033,131033,105730,376967,#nodes_visited131033,time(ms)=,20775
heap2,run#,16,origin,vertex,110856,131033,131033,105129,2043107,#nodes_visited131033,time(ms)=,25493
heap64,run#,16,origin,vertex,110856,131033,131033,105135,377035,#nodes_visited131033,time(ms)=,20804
heap2,run#,17,origin,vertex,79949,131033,131033,105225,2042802,#nodes_visited131033,time(ms)=,25549
heap64,run#,17,origin,vertex,79949,131033,131033,105225,377017,#nodes_visited131033,time(ms)=,20919
heap2,run#,18,origin,vertex,61389,131033,131033,105373,2042413,#nodes_visited131033,time(ms)=,25866
heap64,run#,18,origin,vertex,61389,131033,131033,105347,376973,#nodes_visited131033,time(ms)=,21089
heap2,run#,19,origin,vertex,7143,131033,131033,105485,2042517,#nodes_visited131033,time(ms)=,25294
heap64,run#,19,origin,vertex,7143,131033,131033,105492,376914,#nodes_visited131033,time(ms)=,20584
heap2,run#,20,origin,vertex,30197,131033,131033,105452,2042705,#nodes_visited131033,time(ms)=,25370
heap64,run#,20,origin,vertex,30197,131033,131033,105456,377185,#nodes_visited131033,time(ms)=,20556
heap2,run#,21,origin,vertex,130606,131033,131033,105557,2043796,#nodes_visited131033,time(ms)=,25556
heap64,run#,21,origin,vertex,130606,131033,131033,105581,376728,#nodes_visited131033,time(ms)=,20565
heap2,run#,22,origin,vertex,54498,131033,131033,104996,2043505,#nodes_visited131033,time(ms)=,25333
heap64,run#,22,origin,vertex,54498,131033,131033,105004,377105,#nodes_visited131033,time(ms)=,20437
heap2,run#,23,origin,vertex,122683,131033,131033,105565,2042764,#nodes_visited131033,time(ms)=,25538
heap64,run#,23,origin,vertex,122683,131033,131033,105544,377113,#nodes_visited131033,time(ms)=,20568
heap2,run#,24,origin,vertex,32116,131033,131033,105489,2043038,#nodes_visited131033,time(ms)=,25374
heap64,run#,24,origin,vertex,32116,131033,131033,105491,376865,#nodes_visited131033,time(ms)=,20576
heap2,run#,25,origin,vertex,19490,131033,131033,105413,2043061,#nodes_visited131033,time(ms)=,25437
heap64,run#,25,origin,vertex,19490,131033,131033,105436,377338,#nodes_visited131033,time(ms)=,20525
heap2,run#,26,origin,vertex,125202,131033,131033,105445,2043759,#nodes_visited131033,time(ms)=,25427
heap64,run#,26,origin,vertex,125202,131033,131033,105459,377191,#nodes_visited131033,time(ms)=,20828
heap2,run#,27,origin,vertex,30849,131033,131033,105223,2043544,#nodes_visited131033,time(ms)=,26203
heap64,run#,27,origin,vertex,30849,131033,131033,105215,377020,#nodes_visited131033,time(ms)=,20810
heap2,run#,28,origin,vertex,120194,131033,131033,105165,2044276,#nodes_visited131033,time(ms)=,25363
heap64,run#,28,origin,vertex,120194,131033,131033,105203,377015,#nodes_visited131033,time(ms)=,20453
heap2,run#,29,origin,vertex,92910,131033,131033,104944,2043419,#nodes_visited131033,time(ms)=,25257
heap64,run#,29,origin,vertex,92910,131033,131033,104943,377245,#nodes_visited131033,time(ms)=,20413
heap2,run#,30,origin,vertex,118151,131033,131033,105408,2042475,#nodes_visited131033,time(ms)=,25211
heap64,run#,30,origin,vertex,118151,131033,131033,105377,377112,#nodes_visited131033,time(ms)=,20550
----------------------,,,,,,#insert,#delete,#update,#swap,,,
i=,18,n=,262144,m=,1048101,131033,131033,105350,101694915,1195992,45762712,,,23193,406779661
heap2,run#,1,origin,vertex,35222,256946,256946,83206,3984974,#nodes_visited256946,time(ms)=,26031
heap64,run#,1,origin,vertex,35222,256946,256946,83225,746834,#nodes_visited256946,time(ms)=,21160
heap2,run#,2,origin,vertex,13820,256946,256946,82636,3986579,#nodes_visited256946,time(ms)=,26005
heap64,run#,2,origin,vertex,13820,256946,256946,82643,746727,#nodes_visited256946,time(ms)=,21134
heap2,run#,3,origin,vertex,165014,256946,256946,83196,3986211,#nodes_visited256946,time(ms)=,26138
heap64,run#,3,origin,vertex,165014,256946,256946,83179,747083,#nodes_visited256946,time(ms)=,21284
heap2,run#,4,origin,vertex,133538,256946,256946,83033,3984006,#nodes_visited256946,time(ms)=,26077
heap64,run#,4,origin,vertex,133538,256946,256946,83036,746983,#nodes_visited256946,time(ms)=,21202
heap2,run#,5,origin,vertex,144239,256946,256946,83683,3986467,#nodes_visited256946,time(ms)=,26643
heap64,run#,5,origin,vertex,144239,256946,256946,83673,747039,#nodes_visited256946,time(ms)=,22273
heap2,run#,6,origin,vertex,199236,256946,256946,82772,3986856,#nodes_visited256946,time(ms)=,27181
heap64,run#,6,origin,vertex,199236,256946,256946,82771,746980,#nodes_visited256946,time(ms)=,21264
heap2,run#,7,origin,vertex,24608,256946,256946,83096,3985927,#nodes_visited256946,time(ms)=,26370
heap64,run#,7,origin,vertex,24608,256946,256946,83109,747060,#nodes_visited256946,time(ms)=,21320
heap2,run#,8,origin,vertex,206319,256946,256946,83335,3985446,#nodes_visited256946,time(ms)=,26186
heap64,run#,8,origin,vertex,206319,256946,256946,83335,746912,#nodes_visited256946,time(ms)=,21414
heap2,run#,9,origin,vertex,239174,256946,256946,83080,3985072,#nodes_visited256946,time(ms)=,26183
heap64,run#,9,origin,vertex,239174,256946,256946,83076,746982,#nodes_visited256946,time(ms)=,21303
heap2,run#,10,origin,vertex,219591,256946,256946,82876,3986096,#nodes_visited256946,time(ms)=,26366
heap64,run#,10,origin,vertex,219591,256946,256946,82873,747013,#nodes_visited256946,time(ms)=,21705
heap2,run#,11,origin,vertex,25101,256946,256946,82957,3986074,#nodes_visited256946,time(ms)=,26105
heap64,run#,11,origin,vertex,25101,256946,256946,82937,746755,#nodes_visited256946,time(ms)=,21095
heap2,run#,12,origin,vertex,218239,256946,256946,83065,3985778,#nodes_visited256946,time(ms)=,26120
heap64,run#,12,origin,vertex,218239,256946,256946,83070,746994,#nodes_visited256946,time(ms)=,21249
heap2,run#,13,origin,vertex,233674,256946,256946,82829,3986061,#nodes_visited256946,time(ms)=,26354
heap64,run#,13,origin,vertex,233674,256946,256946,82833,746850,#nodes_visited256946,time(ms)=,21841
heap2,run#,14,origin,vertex,255373,256946,256946,83260,3986502,#nodes_visited256946,time(ms)=,27017
heap64,run#,14,origin,vertex,255373,256946,256946,83263,747235,#nodes_visited256946,time(ms)=,21490
heap2,run#,15,origin,vertex,75966,256946,256946,82896,3986533,#nodes_visited256946,time(ms)=,26139
heap64,run#,15,origin,vertex,75966,256946,256946,82911,747054,#nodes_visited256946,time(ms)=,21076
heap2,run#,16,origin,vertex,209745,256946,256946,83212,3985293,#nodes_visited256946,time(ms)=,26200
heap64,run#,16,origin,vertex,209745,256946,256946,83215,747234,#nodes_visited256946,time(ms)=,21365
heap2,run#,17,origin,vertex,112538,256946,256946,83191,3987176,#nodes_visited256946,time(ms)=,26312
heap64,run#,17,origin,vertex,112538,256946,256946,83189,747542,#nodes_visited256946,time(ms)=,21363
heap2,run#,18,origin,vertex,179892,256946,256946,82835,3984430,#nodes_visited256946,time(ms)=,26093
heap64,run#,18,origin,vertex,179892,256946,256946,82822,747062,#nodes_visited256946,time(ms)=,21297
heap2,run#,19,origin,vertex,46990,256946,256946,83324,3986685,#nodes_visited256946,time(ms)=,26227
heap64,run#,19,origin,vertex,46990,256946,256946,83336,746972,#nodes_visited256946,time(ms)=,21395
heap2,run#,20,origin,vertex,215022,256946,256946,83464,3986173,#nodes_visited256946,time(ms)=,27897
heap64,run#,20,origin,vertex,215022,256946,256946,83457,747145,#nodes_visited256946,time(ms)=,22973
heap2,run#,21,origin,vertex,36800,256946,256946,83326,3985832,#nodes_visited256946,time(ms)=,27795
heap64,run#,21,origin,vertex,36800,256946,256946,83323,746944,#nodes_visited256946,time(ms)=,22593
heap2,run#,22,origin,vertex,126559,256946,256946,83345,3986895,#nodes_visited256946,time(ms)=,27846
heap64,run#,22,origin,vertex,126559,256946,256946,83336,746948,#nodes_visited256946,time(ms)=,23074
heap2,run#,23,origin,vertex,34684,256946,256946,82719,3985121,#nodes_visited256946,time(ms)=,27513
heap64,run#,23,origin,vertex,34684,256946,256946,82706,747007,#nodes_visited256946,time(ms)=,22497
heap2,run#,24,origin,vertex,175534,256946,256946,82971,3984279,#nodes_visited256946,time(ms)=,27273
heap64,run#,24,origin,vertex,175534,256946,256946,82963,746833,#nodes_visited256946,time(ms)=,22258
heap2,run#,25,origin,vertex,87194,256946,256946,83143,3986493,#nodes_visited256946,time(ms)=,27734
heap64,run#,25,origin,vertex,87194,256946,256946,83134,746902,#nodes_visited256946,time(ms)=,22600
heap2,run#,26,origin,vertex,216084,256946,256946,82920,3985733,#nodes_visited256946,time(ms)=,28140
heap64,run#,26,origin,vertex,216084,256946,256946,82917,746824,#nodes_visited256946,time(ms)=,22613
heap2,run#,27,origin,vertex,156440,256946,256946,83026,3985442,#nodes_visited256946,time(ms)=,27224
heap64,run#,27,origin,vertex,156440,256946,256946,83028,746913,#nodes_visited256946,time(ms)=,21996
heap2,run#,28,origin,vertex,85353,256946,256946,83478,3985550,#nodes_visited256946,time(ms)=,27154
heap64,run#,28,origin,vertex,85353,256946,256946,83498,747106,#nodes_visited256946,time(ms)=,22296
heap2,run#,29,origin,vertex,254621,256946,256946,83240,3988085,#nodes_visited256946,time(ms)=,27469
heap64,run#,29,origin,vertex,254621,256946,256946,83238,747023,#nodes_visited256946,time(ms)=,22059
heap2,run#,30,origin,vertex,69740,256946,256946,83523,3986449,#nodes_visited256946,time(ms)=,27071
heap64,run#,30,origin,vertex,69740,256946,256946,83534,747283,#nodes_visited256946,time(ms)=,22312
----------------------,,,,,,#insert,#delete,#update,#swap,,,
i=,19,n=,524288,m=,1047723,256946,256946,83119,6779661017,2339042,08474576,,,24242,9322033898
heap2,run#,1,origin,vertex,322432,417395,417395,27788,6113870,#nodes_visited417395,time(ms)=,6969
heap64,run#,1,origin,vertex,322432,417395,417395,27796,1199041,#nodes_visited417395,time(ms)=,5787
heap2,run#,2,origin,vertex,173421,3,3,0,0,#nodes_visited3,time(ms)=,1
heap2,run#,3,origin,vertex,392447,417395,417395,27847,6113557,#nodes_visited417395,time(ms)=,6880
heap64,run#,3,origin,vertex,392447,417395,417395,27850,1199306,#nodes_visited417395,time(ms)=,5828
heap2,run#,4,origin,vertex,430568,417395,417395,27847,6112893,#nodes_visited417395,time(ms)=,7004
heap64,run#,4,origin,vertex,430568,417395,417395,27840,1199266,#nodes_visited417395,time(ms)=,5810
heap2,run#,5,origin,vertex,314882,417395,417395,27803,6112483,#nodes_visited417395,time(ms)=,6940
heap64,run#,5,origin,vertex,314882,417395,417395,27793,1199207,#nodes_visited417395,time(ms)=,5784
heap2,run#,6,origin,vertex,418599,417395,417395,27605,6112852,#nodes_visited417395,time(ms)=,6963
heap64,run#,6,origin,vertex,418599,417395,417395,27597,1199273,#nodes_visited417395,time(ms)=,5745
heap2,run#,7,origin,vertex,80535,417395,417395,27644,6114304,#nodes_visited417395,time(ms)=,6922
heap64,run#,7,origin,vertex,80535,417395,417395,27638,1199090,#nodes_visited417395,time(ms)=,5725
heap2,run#,8,origin,vertex,393113,417395,417395,27766,6112984,#nodes_visited417395,time(ms)=,6975
heap64,run#,8,origin,vertex,393113,417395,417395,27760,1198797,#nodes_visited417395,time(ms)=,5706
heap2,run#,9,origin,vertex,379787,417395,417395,28004,6114010,#nodes_visited417395,time(ms)=,6966
heap64,run#,9,origin,vertex,379787,417395,417395,27999,1199280,#nodes_visited417395,time(ms)=,5823
heap2,run#,10,origin,vertex,501156,417395,417395,27758,6112168,#nodes_visited417395,time(ms)=,6942
heap64,run#,10,origin,vertex,501156,417395,417395,27763,1199364,#nodes_visited417395,time(ms)=,5811
heap2,run#,11,origin,vertex,158615,417395,417395,27897,6110316,#nodes_visited417395,time(ms)=,6963
heap64,run#,11,origin,vertex,158615,417395,417395,27898,1198875,#nodes_visited417395,time(ms)=,5785
heap2,run#,12,origin,vertex,298923,417395,417395,27719,6111616,#nodes_visited417395,time(ms)=,6948
heap64,run#,12,origin,vertex,298923,417395,417395,27714,1199501,#nodes_visited417395,time(ms)=,5739
heap2,run#,13,origin,vertex,92896,417395,417395,27410,6112748,#nodes_visited417395,time(ms)=,6959
heap64,run#,13,origin,vertex,92896,417395,417395,27409,1199650,#nodes_visited417395,time(ms)=,5798
heap2,run#,14,origin,vertex,277255,417395,417395,27934,6114269,#nodes_visited417395,time(ms)=,6899
heap64,run#,14,origin,vertex,277255,417395,417395,27934,1199473,#nodes_visited417395,time(ms)=,5786
heap2,run#,15,origin,vertex,446000,417395,417395,27534,6110551,#nodes_visited417395,time(ms)=,6896
heap64,run#,15,origin,vertex,446000,417395,417395,27533,1198769,#nodes_visited417395,time(ms)=,5636
heap2,run#,16,origin,vertex,439819,417395,417395,27796,6111506,#nodes_visited417395,time(ms)=,6932
heap64,run#,16,origin,vertex,439819,417395,417395,27799,1199037,#nodes_visited417395,time(ms)=,5704
heap2,run#,17,origin,vertex,305763,417395,417395,27520,6108616,#nodes_visited417395,time(ms)=,6790
heap64,run#,17,origin,vertex,305763,417395,417395,27512,1198811,#nodes_visited417395,time(ms)=,5671
heap2,run#,18,origin,vertex,170123,417395,417395,27474,6112088,#nodes_visited417395,time(ms)=,7066
heap64,run#,18,origin,vertex,170123,417395,417395,27481,1199274,#nodes_visited417395,time(ms)=,5722
heap2,run#,19,origin,vertex,485823,417395,417395,27625,6111342,#nodes_visited417395,time(ms)=,6916
heap64,run#,19,origin,vertex,485823,417395,417395,27625,1198869,#nodes_visited417395,time(ms)=,5730
heap2,run#,20,origin,vertex,183004,417395,417395,27767,6114217,#nodes_visited417395,time(ms)=,6959
heap64,run#,20,origin,vertex,183004,417395,417395,27771,1199025,#nodes_visited417395,time(ms)=,5715
heap2,run#,21,origin,vertex,312275,417395,417395,27586,6113312,#nodes_visited417395,time(ms)=,6902
heap64,run#,21,origin,vertex,312275,417395,417395,27577,1198979,#nodes_visited417395,time(ms)=,5779
heap2,run#,22,origin,vertex,285821,417395,417395,27675,6113880,#nodes_visited417395,time(ms)=,6873
heap64,run#,22,origin,vertex,285821,417395,417395,27678,1198970,#nodes_visited417395,time(ms)=,5759
heap2,run#,23,origin,vertex,520988,417395,417395,27521,6111762,#nodes_visited417395,time(ms)=,6835
heap64,run#,23,origin,vertex,520988,417395,417395,27517,1198769,#nodes_visited417395,time(ms)=,5706
heap2,run#,24,origin,vertex,47370,1,1,0,0,#nodes_visited1,time(ms)=,1
heap2,run#,25,origin,vertex,409219,417398,417398,27586,6111587,#nodes_visited417398,time(ms)=,6897
heap64,run#,25,origin,vertex,409219,417398,417398,27594,1199057,#nodes_visited417398,time(ms)=,5724
heap2,run#,26,origin,vertex,107177,417395,417395,27655,6113972,#nodes_visited417395,time(ms)=,6911
heap64,run#,26,origin,vertex,107177,417395,417395,27656,1199023,#nodes_visited417395,time(ms)=,5742
heap2,run#,27,origin,vertex,42331,1,1,0,0,#nodes_visited1,time(ms)=,1
heap2,run#,28,origin,vertex,368764,417395,417395,27483,6110773,#nodes_visited417395,time(ms)=,6862
heap64,run#,28,origin,vertex,368764,417395,417395,27476,1199236,#nodes_visited417395,time(ms)=,5680
heap2,run#,29,origin,vertex,158215,417395,417395,27607,6113394,#nodes_visited417395,time(ms)=,6836
heap64,run#,29,origin,vertex,158215,417395,417395,27602,1199402,#nodes_visited417395,time(ms)=,5698
heap2,run#,30,origin,vertex,215909,417395,417395,28001,6117075,#nodes_visited417395,time(ms)=,7008
heap64,run#,30,origin,vertex,215909,417395,417395,28006,1199622,#nodes_visited417395,time(ms)=,5853
----------------------,,,,,,#insert,#delete,#update,#swap,,,
i=,20,n=,1048576,m=,1048283,395034,75,395034,75,26212,1785714286,3416165,01785714,,,5987,375
heap2,run#,1,origin,vertex,969990,5,5,0,0,#nodes_visited5,time(ms)=,14
heap64,run#,1,origin,vertex,969990,5,5,0,0,#nodes_visited5,time(ms)=,2
heap2,run#,2,origin,vertex,224475,1,1,0,0,#nodes_visited1,time(ms)=,2
heap64,run#,2,origin,vertex,224475,1,1,0,0,#nodes_visited1,time(ms)=,2
heap2,run#,3,origin,vertex,996794,9,9,0,3,#nodes_visited9,time(ms)=,2
heap64,run#,3,origin,vertex,996794,9,9,0,3,#nodes_visited9,time(ms)=,2
heap2,run#,4,origin,vertex,1016788,3,3,0,0,#nodes_visited3,time(ms)=,2
heap64,run#,4,origin,vertex,1016788,3,3,0,0,#nodes_visited3,time(ms)=,2
heap2,run#,5,origin,vertex,628877,5,5,0,0,#nodes_visited5,time(ms)=,2
heap64,run#,5,origin,vertex,628877,5,5,0,0,#nodes_visited5,time(ms)=,2
heap2,run#,6,origin,vertex,1033125,3,3,0,0,#nodes_visited3,time(ms)=,2
heap64,run#,6,origin,vertex,1033125,3,3,0,0,#nodes_visited3,time(ms)=,2
heap2,run#,7,origin,vertex,252288,1,1,0,0,#nodes_visited1,time(ms)=,2
heap64,run#,7,origin,vertex,252288,1,1,0,0,#nodes_visited1,time(ms)=,2
heap2,run#,8,origin,vertex,751872,2855,2855,0,11945,#nodes_visited2855,time(ms)=,3
heap64,run#,8,origin,vertex,751872,2855,2855,0,2786,#nodes_visited2855,time(ms)=,3
heap2,run#,9,origin,vertex,241205,1,1,0,0,#nodes_visited1,time(ms)=,2
heap64,run#,9,origin,vertex,241205,1,1,0,0,#nodes_visited1,time(ms)=,2
heap2,run#,10,origin,vertex,281833,1,1,0,0,#nodes_visited1,time(ms)=,2
heap64,run#,10,origin,vertex,281833,1,1,0,0,#nodes_visited1,time(ms)=,2
heap2,run#,11,origin,vertex,1003378,6,6,0,0,#nodes_visited6,time(ms)=,2
heap64,run#,11,origin,vertex,1003378,6,6,0,0,#nodes_visited6,time(ms)=,2
heap2,run#,12,origin,vertex,101967,1,1,0,0,#nodes_visited1,time(ms)=,2
heap64,run#,12,origin,vertex,101967,1,1,0,0,#nodes_visited1,time(ms)=,2
heap2,run#,13,origin,vertex,329525,1,1,0,0,#nodes_visited1,time(ms)=,2
heap64,run#,13,origin,vertex,329525,1,1,0,0,#nodes_visited1,time(ms)=,2
heap2,run#,14,origin,vertex,298883,1,1,0,0,#nodes_visited1,time(ms)=,2
heap64,run#,14,origin,vertex,298883,1,1,0,0,#nodes_visited1,time(ms)=,2
heap2,run#,15,origin,vertex,852849,2,2,0,0,#nodes_visited2,time(ms)=,2
heap64,run#,15,origin,vertex,852849,2,2,0,0,#nodes_visited2,time(ms)=,2
heap2,run#,16,origin,vertex,379686,1,1,0,0,#nodes_visited1,time(ms)=,2
heap64,run#,16,origin,vertex,379686,1,1,0,0,#nodes_visited1,time(ms)=,2
heap2,run#,17,origin,vertex,193408,1,1,0,0,#nodes_visited1,time(ms)=,2
heap64,run#,17,origin,vertex,193408,1,1,0,0,#nodes_visited1,time(ms)=,2
heap2,run#,18,origin,vertex,99890,1,1,0,0,#nodes_visited1,time(ms)=,2
heap64,run#,18,origin,vertex,99890,1,1,0,0,#nodes_visited1,time(ms)=,2
heap2,run#,19,origin,vertex,685898,3,3,0,0,#nodes_visited3,time(ms)=,2
heap64,run#,19,origin,vertex,685898,3,3,0,0,#nodes_visited3,time(ms)=,2
heap2,run#,20,origin,vertex,361987,1,1,0,0,#nodes_visited1,time(ms)=,2
heap64,run#,20,origin,vertex,361987,1,1,0,0,#nodes_visited1,time(ms)=,2
heap2,run#,21,origin,vertex,78831,1,1,0,0,#nodes_visited1,time(ms)=,2
heap64,run#,21,origin,vertex,78831,1,1,0,0,#nodes_visited1,time(ms)=,2
heap2,run#,22,origin,vertex,896699,3096,3096,0,13646,#nodes_visited3096,time(ms)=,3
heap64,run#,22,origin,vertex,896699,3096,3096,0,3071,#nodes_visited3096,time(ms)=,3
heap2,run#,23,origin,vertex,1026055,136,136,0,269,#nodes_visited136,time(ms)=,2
heap64,run#,23,origin,vertex,1026055,136,136,0,123,#nodes_visited136,time(ms)=,2
heap2,run#,24,origin,vertex,289937,1,1,0,0,#nodes_visited1,time(ms)=,2
heap64,run#,24,origin,vertex,289937,1,1,0,0,#nodes_visited1,time(ms)=,2
heap2,run#,25,origin,vertex,823216,39,39,0,40,#nodes_visited39,time(ms)=,2
heap64,run#,25,origin,vertex,823216,39,39,0,22,#nodes_visited39,time(ms)=,2
heap2,run#,26,origin,vertex,602768,6,6,0,0,#nodes_visited6,time(ms)=,2
heap64,run#,26,origin,vertex,602768,6,6,0,0,#nodes_visited6,time(ms)=,2
heap2,run#,27,origin,vertex,64024,1,1,0,0,#nodes_visited1,time(ms)=,2
heap64,run#,27,origin,vertex,64024,1,1,0,0,#nodes_visited1,time(ms)=,2
heap2,run#,28,origin,vertex,244076,1,1,0,0,#nodes_visited1,time(ms)=,2
heap64,run#,28,origin,vertex,244076,1,1,0,0,#nodes_visited1,time(ms)=,2
heap2,run#,29,origin,vertex,814737,7,7,0,0,#nodes_visited7,time(ms)=,2
heap64,run#,29,origin,vertex,814737,7,7,0,0,#nodes_visited7,time(ms)=,2
heap2,run#,30,origin,vertex,752540,96,96,0,194,#nodes_visited96,time(ms)=,2
heap64,run#,30,origin,vertex,752540,96,96,0,82,#nodes_visited96,time(ms)=,2
